,RMSE,Corr,HitRate
NVDA,0.0352,-0.042456,0.537344
TSLA,0.040153,-0.052592,0.487552
JPM,0.015823,-0.011348,0.530083
